doc_id,title,chunked_content,contextualized_content,chunk_id
0,Introduction to Artificial Intelligence,Artificial Intelligence (AI) is a broad field of computer science focused on creating intelligent machines that can perform tasks typically requiring human intelligence. These tasks include visual perception,"The document provides an overview of Artificial Intelligence (AI), outlining its definition, scope, and the types of tasks that AI systems are designed to perform, including visual perception.

Artificial Intelligence (AI) is a broad field of computer science focused on creating intelligent machines that can perform tasks typically requiring human intelligence. These tasks include visual perception",0
1,Machine Learning Fundamentals,Machine Learning is a subset of AI that focuses on building systems that can learn from and make decisions based on data. It involves training models on historical data to make predictions or decisions without being explicitly programmed. Key concepts include supervised learning,"This document provides an overview of artificial intelligence (AI) and its various subsets, with a focus on machine learning, detailing its principles, methodologies, and applications in data-driven decision-making.

Machine Learning is a subset of AI that focuses on building systems that can learn from and make decisions based on data. It involves training models on historical data to make predictions or decisions without being explicitly programmed. Key concepts include supervised learning",0
2,Natural Language Processing Overview,Natural Language Processing (NLP) is a branch of AI that helps computers understand,"The document provides an overview of Natural Language Processing (NLP), its significance in artificial intelligence, and its applications in enabling computers to comprehend human language.

Natural Language Processing (NLP) is a branch of AI that helps computers understand",0
3,Understanding RAG Systems,Retrieval-Augmented Generation (RAG) systems combine the power of large language models with external knowledge retrieval. These systems first retrieve relevant information from a knowledge base,"This document discusses the concept and functionality of Retrieval-Augmented Generation (RAG) systems, highlighting their integration of large language models with external knowledge retrieval mechanisms to enhance information processing and response generation.

Retrieval-Augmented Generation (RAG) systems combine the power of large language models with external knowledge retrieval. These systems first retrieve relevant information from a knowledge base",0
4,Vector Databases in AI,Vector databases are specialized storage systems designed to efficiently store and retrieve vector embeddings. They enable similarity search and are crucial for modern AI applications like semantic search and recommendation systems. Popular vector databases include ChromaDB,"This document provides an overview of vector databases, highlighting their purpose, importance in AI applications, and examples of popular systems.

Vector databases are specialized storage systems designed to efficiently store and retrieve vector embeddings. They enable similarity search and are crucial for modern AI applications like semantic search and recommendation systems. Popular vector databases include ChromaDB",0
5,Semantic Search Explained,Semantic search is a technique that uses semantic meaning to match queries with the most relevant documents. It involves converting queries and documents into vector embeddings and then finding the most similar vectors using similarity search algorithms. This approach allows for more accurate and context-aware retrieval.,"This document discusses advanced search techniques, focusing on semantic search, which enhances retrieval accuracy by leveraging the meaning of queries and documents through vector embeddings and similarity algorithms.

Semantic search is a technique that uses semantic meaning to match queries with the most relevant documents. It involves converting queries and documents into vector embeddings and then finding the most similar vectors using similarity search algorithms. This approach allows for more accurate and context-aware retrieval.",0
6,LLM Applications in AI,Large Language Models (LLMs) are a type of AI model that can generate text based on input prompts. They are trained on vast amounts of text data and can be used for a wide range of applications,"This document provides an overview of Large Language Models (LLMs), detailing their capabilities, training processes, and potential applications in various fields.

Large Language Models (LLMs) are a type of AI model that can generate text based on input prompts. They are trained on vast amounts of text data and can be used for a wide range of applications",0
7,AI Ethics and Bias,AI ethics and bias are important considerations in the development and deployment of AI systems. These systems can perpetuate existing biases in the data they are trained on,"This document discusses the critical importance of AI ethics and bias in the context of AI system development, highlighting how biases in training data can influence the behavior and outcomes of these systems.

AI ethics and bias are important considerations in the development and deployment of AI systems. These systems can perpetuate existing biases in the data they are trained on",0
8,AI Safety and Security,AI safety and security are important considerations in the development and deployment of AI systems. These systems can be used for malicious purposes,"The document discusses the significance of AI safety and security in the context of the development and deployment of AI systems, highlighting the potential for misuse of these technologies.

AI safety and security are important considerations in the development and deployment of AI systems. These systems can be used for malicious purposes",0
